# 🔁 Redirect www to non-www (canonical)
https://www.upscools.com/*  https://upscools.com/:splat  301!

# 📄 Clean URL redirects (remove .html)
#index pages
/index.html        /               301
/resources.html    /resources      301
/courses.html      /courses        301
/blog.html         /blog           301
/test-series.html  /test-series    301
/subjects.html     /subjects       301
/pyqs.html         /pyqs           301
/login.html        /login          301
/contact.html      /contact        301
/admin.html        /admin          301

# 🔁 Group GS, CSAT, Essay, Optional under /subjects
/gs1.html          /subjects       301
/gs2.html          /subjects       301
/gs3.html          /subjects       301
/gs4.html          /subjects       301
/csat.html         /subjects       301
/essay.html        /subjects       301
/optional.html     /subjects       301

# ⚙️ SPA fallback route for client-side navigation
/*                 /index.html     200